id;id_demande;compte;status;description_role;date_creation;date_maj
1;Sausages Distributed Buckinghamshire;Washington;DEMANDE;Persevering;2022-06-11T17:13:48;2022-06-12T10:15:42
2;Direct Frozen;Division Berkshire Account;SUPPRIME;Handcrafted azure;2022-06-12T09:52:47;2022-06-11T16:48:15
3;XML sensor;Concrete;VALIDE;ADP Account;2022-06-12T02:22:43;2022-06-11T15:14:29
4;interactive;Customer parsing Account;DEMANDE;Integrated;2022-06-11T23:25:26;2022-06-11T15:23:42
5;Mission Bike deliver;wireless Virginia connect;REFUSE;redefine;2022-06-12T05:01:00;2022-06-11T23:44:11
6;Games models;Producer Senior Towels;DEMANDE;Tobago;2022-06-11T22:42:10;2022-06-11T23:56:16
7;Specialist synthesizing Platinum;tertiary Metal compressing;DEMANDE;Producer;2022-06-11T16:57:45;2022-06-11T16:36:59
8;bleeding-edge transmit benchmark;Sleek;DEMANDE;North;2022-06-12T02:59:08;2022-06-11T22:58:22
9;Metal Functionality;navigate;REFUSE;Avon Plastic monitor;2022-06-12T12:01:48;2022-06-11T19:10:59
10;Account;solution-oriented Bedfordshire invoice;SUPPRIME;Prairie Maryland e-business;2022-06-12T12:31:51;2022-06-12T00:47:56
